love,5.79101624654,-7.16576145264
know,6.9998101399,-5.8784589988
oh,6.17216720842,-6.79787305172
yeah,5.98927682321,-6.69839417655
need,5.75506744496,-7.17189636016
got,7.02182144498,-6.56210273845
see,7.8636664702,-5.22129378287
say,7.31780034953,-9.39198025712
want,6.77681721476,-6.90074555103
come,6.33186082745,-2.9537862065
girl,7.88016838433,0.15263987471
baby,15.4845366088,-3.80843693394
like,7.02844634722,-6.89494819944
time,13.3599747214,-2.5471830926
back,14.2590185757,-3.19419394945
get,14.2064913768,-3.19142532608
good,5.86697488472,-1.25031493452
yellow,10.718404612,-4.26018292646
let,6.8856293143,-3.25752339705
submarine,10.7285377084,-4.2803015846
one,7.15952530406,-1.22199199716
go,6.90686431306,-1.10250385211
well,10.0573726177,1.76914804551
long,10.2315964465,0.822510948057
much,12.9176491706,-3.74459784811
never,8.43127044933,-5.34749613376
tell,7.88930849703,-5.46011209309
man,14.7672518968,-4.12751807056
la,14.8095841162,-7.17939011914
day,6.12301520078,0.1563734336
home,7.34471633712,-1.80940252899
little,11.0607768871,-9.32061388151
make,7.36743908785,-6.08133730453
gonna,5.17606136818,-5.02531099329
ah,12.658424014,-1.26172456911
please,6.76588627214,-7.64615075517
take,8.59986704172,-1.23887981974
said,10.0504264306,1.84024480845
hey,12.6050252904,-7.12050414325
together,6.1106895466,-3.17639855203
way,9.05121888619,-0.54000480313
mine,7.34383173892,-5.90909194573
better,13.0897797987,-3.29258661872
life,14.9888225105,-7.10725549251
nothing,5.18619614784,-5.00426322219
night,6.47209274456,-0.310273958738
going,9.44121716312,-0.596101585415
sun,9.27115935068,-2.09872835591
cry,13.3866933797,-2.61772455693
away,7.34339381582,-1.28229267563
mind,8.53293738643,-1.69447540619
feel,7.51051222728,-6.15275944672
hold,6.34130014072,-6.85310925517
wanna,14.7012517115,-4.1775385256
think,7.58955128116,-6.23026696653
honey,9.91919322963,2.27913430219
lonely,11.5943283598,-2.70035703984
yes,14.0324567538,-1.22791821918
right,6.97978420486,-2.82281567423
ooh,10.991036342,-9.36129356708
da,14.7853618873,-7.18756385006
ha,14.3530626882,-6.69013537916
roll,11.5332592699,-3.67462663774
doo,10.2566381616,-3.78435910278
everybody,6.37879764726,-6.93046642951
mm,11.0581892252,-9.37426585601
look,7.2665036433,1.63508263473
cos,7.05410016759,-6.7537365681
eyes,7.45608676193,-1.06286039003
world,5.0789152537,-4.91572563528
leave,8.42721153359,-4.8975171336
would,8.18366748217,-5.90225272226
things,8.40839564879,-5.37648950531
morning,5.86960985558,-1.26042299928
really,6.81370235613,-6.792380308
dance,7.2342515653,-5.97074886391
mother,13.2500484537,-2.68855231199
live,10.6627719587,-4.13467626374
c,11.6297911521,-5.29869551786
mon,11.6291423183,-5.29731614325
heart,12.3827495172,1.36421175005
hello,7.22607188173,-9.79934381517
feeling,6.98425151576,-4.15693518472
help,11.0309561339,-9.35619680328
around,8.57622008478,-1.11570984512
could,7.79843583528,-6.18957478989
another,11.3811177524,0.4821207135
always,6.94177819257,-7.01507493319
gotta,12.5904915388,-3.42065325111
everything,8.59552465552,-0.742102387791
blue,7.67524038342,-0.776424397939
goes,14.9515107813,-7.12378155007
find,8.40179717498,-0.883931688006
till,6.94591307292,-3.34787819267
told,8.38220074101,-6.41142768235
wait,12.549950016,-3.5395861976
alright,5.99288486726,-6.13426681866
people,10.5785372531,0.607139137706
sky,9.38971614232,-3.29897950366
old,13.0006265986,-2.60140409837
though,8.86269451978,0.842311859605
give,8.53759910528,-5.83183902941
still,7.95247214346,-6.15203778231
two,7.31722771376,1.19406315696
true,6.8067569238,-6.97513036598
alone,12.551216421,1.2696499352
head,10.5438673902,-0.840636815261
bill,12.6223873018,-7.1029088542
sing,8.72364422176,-0.39140565334
every,7.50686506334,-4.42441675176
believe,8.31357795374,-6.15381239154
money,8.84667247792,-4.51563123337
waiting,10.5328484722,-0.132188515043
us,8.20000349426,-2.32953257513
hear,7.10534068395,-1.30465237412
yeh,9.95824469923,-0.864870675417
tonight,7.32309794341,-6.36007303298
play,8.30461291282,-0.611346827591
bye,12.9518692859,-4.05926985678
word,8.15159205667,-7.37919504194
goodbye,7.23557241753,-9.73683465808
bungalow,12.617259958,-7.10819477319
words,6.93671902372,-3.43119302678
gone,9.45049340166,-0.365241797395
boy,11.2908975748,0.0586836137672
lose,11.026794624,-1.50536301007
call,12.4042537369,-1.69972091702
nowhere,12.3400342272,-1.00721525304
road,11.0455148997,-9.36232603093
everyone,8.28500653498,-2.15571263867
today,8.82928735412,0.00378953731261
whoa,6.86141888218,-7.43758898267
may,9.035353467,0.156849614096
mr,7.60790915775,-6.2785438374
getting,13.0912670058,-3.07904529123
show,8.72940956115,-0.533029369217
comes,9.26896105309,-2.08364284864
care,8.90202023087,-4.43292257977
tight,7.71483728003,-5.76304958736
ho,6.42419736646,-2.53398847328
sweet,8.17141958361,-0.42715613221
bop,12.5807601557,-7.10939941045
sunshine,6.10940549617,0.27764792487
easy,6.96468775299,-3.10305465797
hide,9.74593429982,-6.54943234162
sad,8.85338422916,-0.593183362554
friends,11.0514455972,-9.35535360866
dead,11.5615286022,0.576158426198
darling,8.34335952268,-6.18785399073
dear,10.436348475,0.716779258979
coming,7.39978932315,-0.543716141341
sgt,11.5497563763,-2.68036449301
cause,12.8679827712,1.74716575324
trying,7.329507014,-5.4969508486
kind,9.38924424277,0.0298968195151
someone,8.60689008607,-6.30652860463
sea,15.6563690037,-2.44692013538
door,9.45735918598,-0.149202188449
nobody,12.4951965512,1.319201077
bang,11.1852396924,-2.02270317647
loving,8.54136194797,-6.51637861635
goo,10.8868230263,-2.89808917774
place,9.82777633623,-6.52329262277
something,8.8871673589,0.192943196748
change,5.08458987061,-4.91162086942
band,11.9072604224,-1.6389894679
listen,11.0240680264,0.323862574762
free,11.7405923881,2.5199178088
saw,9.82163955721,-6.61214092246
wrong,9.44788301782,0.531747714636
many,12.4521348238,-0.677671416386
dream,8.03943067637,-0.390806645063
made,10.1547566795,-0.156775318485
round,10.1235540132,-0.403129046708
looking,8.98043219546,1.17550280352
shake,15.7076168485,-3.59060659505
stay,9.22907333956,0.645042810375
days,7.89556069153,-6.27444852569
try,7.98859685904,0.271508226324
mean,8.85480929813,-6.21851674427
treat,9.51283122412,-0.167299540441
hard,9.18460413199,1.44275553059
beep,10.0852971015,-3.17122546783
buy,8.85374455193,-4.51781184265
standing,11.0173030473,-0.33683459478
since,14.4718789035,-1.98924443893
pepper,11.4841634835,-2.74580991466
remember,9.34161525713,-6.35315960078
minute,12.4994828815,-3.56288608722
happy,8.27167188585,-6.30193634526
twist,16.6380879662,-3.17931432022
doctor,10.753138027,-1.20886748761
talk,12.5309342433,-1.04234493429
shuop,12.5726545671,-7.10730505154
ever,8.6528905324,-0.109931474979
years,13.0909258492,-0.184122079299
children,7.2326120981,1.45367227586
lovely,10.2598263682,-2.43347636679
break,10.5684848468,0.00353421960715
run,13.0039942496,1.10123797183
mystery,11.2514293572,-3.5966705243
birthday,10.9886276252,1.30018477102
fine,9.23315500601,-6.77740072224
tears,10.3439680685,1.85074134183
cried,9.21080980802,-8.04253897894
ob,14.9379859149,-7.12901706253
ride,14.5051908981,1.85633345238
driving,8.46404772133,0.351173161219
thing,9.9585331831,-6.86194364155
friend,9.34288917626,-0.0828172556764
born,14.5844254508,-1.04848992772
pie,9.98555931497,1.93477676749
tour,11.2690088688,-3.59299603878
bad,9.59667442306,-5.86430826542
rita,10.4050188735,-2.81984407096
green,15.7131073318,-2.42686033609
music,12.1190310613,-2.374822878
mad,8.5222486722,0.336889936942
rock,12.0165704123,-2.4395621571
hand,10.9919457592,-0.299385956215
robert,10.9723551348,-1.31698901499
gun,11.3600469843,-1.29046646822
near,9.86692492544,1.35817609709
big,11.1568112153,0.439437740517
lot,8.93854749736,-5.86017774063
rain,10.6784806221,-0.490105784279
four,7.32421912705,1.2913206038
kill,12.6531969557,-7.06777639166
knew,11.106197683,1.5152369394
boys,12.9623194428,-0.696421130281
lucy,9.69724345586,-3.2294768317
stop,11.996866607,2.62854068899
came,10.902312679,-0.723659296958
ask,8.77533454551,-8.08869968659
somebody,8.25094192335,-7.07222064427
kiss,12.8293090228,2.01870835062
song,8.74738383524,-0.157102611475
fool,13.9325588289,0.848357808421
julia,8.59739403026,-0.260040268445
everywhere,8.6873684352,-7.51524947555
dig,10.6395684625,-1.68795725651
black,12.8989835204,-0.00537857432248
lover,12.2677713056,0.655988442309
heard,15.2067572996,2.95411932166
diamonds,9.68556247403,-3.23338383649
rich,14.8424896059,-4.01909187058
end,13.2917751311,0.0243405700129
changed,13.1657076763,1.92369489729
three,7.28883603691,1.40519384448
g,10.865816394,-2.84405639304
letter,11.5034023651,0.600200164953
forever,7.6219306453,-4.63513451485
face,14.4567756266,2.06106269474
send,10.1145641865,-7.26586503478
happiness,11.2227721665,-1.4311164581
walk,11.4754715501,1.34894973637
making,9.79377942719,-6.75555430469
chains,15.906629654,4.21529357583
die,11.9619207634,0.700504027949
thinking,9.30204061126,-8.08516814709
meter,10.3749457794,-2.97321694456
rocky,12.3628847059,-0.289683423417
child,11.0786190014,-1.7068523145
di,15.0041889189,-7.10066784526
belong,10.7516220401,0.794433501352
seems,11.3193380849,1.55784148127
five,7.23236434707,1.49018345557
understand,13.6962214151,2.61320490707
seen,14.1913147389,2.08213343599
keep,9.9670677486,1.43044051649
found,11.3049389703,-0.435304771599
speed,13.2407324814,-0.333214424001
apart,12.799648776,1.40885129415
lost,11.7102966285,1.79564906697
enough,14.3144722453,-2.0406203792
ring,10.0088781093,-6.97669070374
hope,10.1867938404,-7.13137290669
cha,11.8855574224,-1.50303609101
makes,13.9119173398,0.534312425757
hearts,11.996467002,-1.57458451602
full,13.2085146912,-0.528500144734
new,9.55152077771,-6.40930281167
bag,13.238503294,0.0574914819999
bom,11.9231591792,-0.0528874953252
beneath,13.5847131626,1.27768241293
ticket,17.5775248383,0.949711704238
maid,10.4344224207,-2.89130985272
must,9.59951867663,0.768570241595
falling,13.1564980786,-1.04421765775
turn,16.2829033705,0.34149461363
anybody,8.50127532104,-8.50573986884
u,19.6215163932,1.74726007154
week,8.65555363501,-7.13952533029
high,16.64537454,-0.499121521846
eight,8.37302004807,-6.99253981615
garden,13.8126447931,0.971380649517
gets,11.0974520442,-0.508684310545
sleep,7.29483600028,1.60075304725
living,15.3503983896,0.0502327900214
sadie,15.527273543,1.58140405802
done,14.5134185226,2.63289291362
answer,14.9900687171,2.29859955594
car,14.8883138187,-0.736384178779
behind,11.5353818198,1.70850268162
sexy,15.9452033667,1.33562357017
prudence,9.91716115778,1.36648879497
n,15.3752158248,-1.39238787996
joob,10.9396674111,-2.78008500827
move,12.1959405259,-0.170510362033
shoot,11.1610507821,-1.21476199851
nah,13.1954114009,-0.89175611465
taxman,11.5092706798,9.83825857013
yesterday,8.31838179733,-8.66569644872
late,9.61985674575,0.35671528144
pretty,13.1879985859,-0.255054815583
moonlight,8.51754094494,-7.90933069771
real,14.1014863841,2.58612318219
seven,7.24986427841,1.60181034035
fields,11.1270019114,1.84147428035
smile,14.0311105226,0.729235563782
left,14.1658974004,0.442903878662
thought,14.2523169803,0.764497705476
ought,17.1931785,2.15722473729
even,15.8391509181,1.25279516414
strawberry,11.0903281547,1.81270491553
sitting,12.7548113562,0.0856491292292
six,7.24623694651,1.57831008281
knows,10.3222115302,-7.37774242971
far,14.0658012575,1.47770786342
use,12.3014009957,-1.87913005218
dreams,13.9203913563,1.03911406246
dark,12.158703612,0.189320536863
tomorrow,13.9548294024,0.969377382858
hurt,14.4782871115,2.36555935449
shout,16.7294211866,-3.15746878037
silver,11.1503827511,-1.5659053967
beethoven,11.7399447301,-2.16940791273
star,13.861806109,0.094848687863
laugh,16.472505109,2.64193964265
reason,15.2967089785,5.24964848072
feels,11.4749563195,1.83278667333
helter,17.1592013457,0.786286961776
fly,16.6317118738,0.540452234818
work,13.5094960992,8.60260691684
hair,13.911539927,1.65843504797
start,13.2647737622,0.0224759096622
maxwell,11.0340694147,-1.45721566592
inside,14.7101379731,2.34735921238
chance,17.1263186271,0.530050662921
skelter,17.5109389031,0.905624953796
whisper,16.0430981936,3.63153136469
maybe,17.0050898737,0.373250997457
keeps,13.5994183465,-0.0892881650369
joy,6.48274512083,-2.50349059034
sleeping,16.620243462,3.05166397298
went,15.1716235414,0.176370511162
r,19.4817375835,2.08621472947
singing,16.3418982284,2.84738421221
might,16.423284321,3.03132995951
ahead,16.8777328236,-0.184321804303
says,17.3314189042,0.403864376142
club,12.6324169408,-1.24711692197
misery,17.4917802018,5.79172328568
looked,14.4287445379,1.72618076395
drive,18.5977646989,1.85289143989
babe,8.43462342891,-8.55828098303
guru,16.6771367865,1.4361821239
took,18.6552908931,3.09473563686
oooo,15.6510746331,3.83830543537
miss,14.6673347692,1.86079187078
mister,18.934843199,3.13696203227
deva,16.3368109482,1.19064196943
nearly,9.0677590107,-8.15007199462
cap,15.124326803,-0.876895480444
flat,14.792946084,2.2923809244
across,13.6031809139,0.430573211124
ling,19.4016908144,1.45224764339
warm,15.3069670956,-0.219965643998
rather,14.9750982996,1.75174530614
girls,15.0560150284,-0.879823219579
whole,10.2955872172,-7.15573680716
captain,16.3796267286,-0.603208100835
octopus,18.3043063635,2.89015813989
last,14.9946257976,5.80594915636
crying,16.5292718047,6.96958951427
leaving,15.5464538972,0.0287232432082
anna,8.44893644639,10.7578507981
heavy,5.08354226189,13.3965049015
lived,18.5108720446,1.5822811671
admit,14.4920394965,-1.97325428568
without,17.2546827077,3.42312666146
lucky,18.7351612597,1.80508694085
jai,17.0237115546,2.01262563018
trav,19.2945055226,1.40949741265
beginning,8.91125633096,9.89241997098
lie,15.4138700078,5.24772612448
hate,14.4443555142,2.29032013436
loves,8.19343813575,-8.64819817252
close,13.6295798116,5.93423443429
anymore,8.63970627387,-8.57378071302
sha,15.0605710342,-7.0825935208
forget,17.1779981772,5.05295141462
belonged,14.1141288393,9.77457051887
light,16.8119568773,2.60615584806
act,18.277949689,3.88640758236
lips,17.7654534149,3.36235487495
molly,17.6679983694,-0.132836787498
learn,15.6084146723,1.5973052072
phone,17.8118348671,1.0602665651
begins,14.7734887367,0.794090182717
news,19.1270996675,3.39005012558
rocking,14.58949629,1.55626988725
aye,18.1673884307,0.696012606319
low,18.2143253151,3.52051624495
needed,16.7175654423,5.68438353681
2,-1.8083069007,14.3269068795
ok,-8.40307304325,8.00218605132
lied,1.38705529724,13.3461475539
someday,15.7749941069,4.47055144357
lane,15.0364383386,7.40721988505
dizzy,16.8061834338,2.38546023737
ease,15.3761016292,-1.54716931844
mmm,15.2746941375,-0.954581347948
party,19.2955265034,3.23891105268
oooh,14.8505548077,7.5465746719
fun,16.6410364963,6.36261930671
put,16.2048246266,2.98981195179
loser,11.8896801051,8.30970742972
talking,15.4927005712,5.00643997508
pronounced,16.7175067785,0.369047580035
cable,17.7283297801,0.228523139198
working,16.681474443,5.75689096509
room,16.6249104701,0.558215436426
moment,18.2078060865,3.16518831748
sailed,18.3429459408,5.18616710206
sigh,14.3637748569,-1.97135531574
sound,17.0720533379,0.900874587882
heaven,7.25861287429,1.67626341521
follow,17.1908790332,2.6932099078
sit,18.5945157208,1.63896390734
wine,18.712596506,2.95286287932
known,18.2293944067,4.12227421902
town,18.5264505,2.93271169407
bed,16.8383034269,0.938044816231
hela,12.9963094022,-0.474063479127
ago,19.6175169664,3.57303745709
weight,17.3827219224,-0.227701103361
waves,18.2273462648,5.17742258284
penny,12.2202465641,7.88954261557
fade,18.3913040469,3.9653035263
bra,15.0367109916,-7.08553592463
running,18.7165537334,3.36303344808
feet,15.6082087724,0.822162865849
matter,15.1888888946,7.90891686446
twice,19.3263338331,1.2500171516
line,18.8496908503,1.54275388145
carry,17.2907743282,-0.408596958768
telling,18.570487338,4.30467581407
hands,16.2703416418,1.33317367107
909,14.1289238426,9.62041068436
blackbird,9.88825262599,9.177808085
1,-5.82487334816,14.2505547408
stream,15.7461895361,7.60555057233
p,11.8488266806,11.0710308233
closer,9.69356434167,9.15308554585
hill,9.86385837268,8.97719652012
lies,17.4689897964,3.10733142202
sand,17.2385486246,-0.423423835583
fast,15.4901717066,7.56038966257
hit,18.8728914353,2.78447727188
heba,15.2787942119,0.00781000579012
sure,16.7403165563,1.46497012374
shining,11.7012080984,10.2610022214
breaks,16.0657221167,6.59930197888
calling,19.3459989041,2.90023440833
jo,14.113668803,9.44036789313
harm,15.3896001265,5.42729543198
write,11.707170018,10.2925749243
walrus,13.7824206384,-0.230762751328
desmond,18.5828426538,2.23324148694
pass,14.5550357674,6.92329599471
tried,14.8574966216,8.07878397226
helloa,13.7699930147,-0.246049452594
king,11.8268437909,7.48734995455
instead,12.119022058,8.56041782655
lizzy,15.2931676451,1.50135308799
stand,18.1646829099,3.62845674279
pulled,13.6930909898,6.77165119164
blues,12.3252150504,7.90566888987
turns,17.0190082295,2.97683305796
lead,11.2828420681,9.60405285849
next,18.2045112253,0.501467284439
postman,14.2282925749,7.75287991811
met,16.431518723,1.57594408648
sees,14.9361342738,7.8479427315
oo,15.8424991149,5.56993126189
aaaaahhhhhhhhhh,-7.95894796986,5.76534408224
held,15.9642461348,4.97393627346
bompa,14.8552355323,0.558594709598
cold,19.4556650187,1.47861110482
hammer,13.3900609176,-0.346529603004
wisdom,13.0935770517,8.17864823998
fill,15.9827811649,1.41020127476
guitar,12.843471813,6.98010823191
died,12.920502604,7.13631411439
bother,1.8167551416,14.5755263418
michelle,8.71631956673,12.4480220081
dressed,15.5595138098,6.93434046579
second,13.9901326828,9.56759293557
ya,17.7451740594,4.88103944743
appear,11.9917636768,8.0884838878
tree,15.0132985419,5.83557460549
tr√£,15.6225191402,-0.0995783904554
past,15.0287265061,7.13180182879
deep,11.3653149179,9.85374086319
nice,15.2617757454,5.83291663295
game,11.7942208358,10.5780100291
else,10.3223641969,9.15370923287
devil,6.78286232546,11.6467595114
number,12.1202300521,8.15830297442
watching,12.9726078918,6.64578231585
middle,16.6223857896,1.42295812999
times,12.4524034831,7.94273613197
ears,12.8478489255,7.38287352112
gave,8.20450023375,11.0815337489
ten,17.2207966656,3.46020738803
martha,13.1539340745,6.8397307207
suddenly,7.76694004635,12.8720726862
wind,14.700707139,7.91460886113
silly,14.2794513892,7.65347103185
jump,19.8543852552,3.84032975705
queen,14.0136541588,0.569683766075
gently,11.3967587801,9.48740756289
superior,19.7843749762,3.74029015407
sent,11.9104951054,10.5741313648
weeps,11.4444801996,9.27197820491
fell,14.690303462,6.4551058281
hung,13.884361981,6.60216094127
beat,17.5081018807,-0.651832676219
pray,11.915922199,11.0326294077
3,-8.01622565942,7.77088506291
magical,11.3404691873,-1.94161019437
bien,16.6472337072,0.409516886259
tear,14.7178891565,7.25803366116
bird,10.2677486138,9.10761828481
calls,14.8004521308,1.89488475181
broken,18.4093647285,3.89639668466
eye,14.7732260977,7.93511687748
loved,9.94493384894,9.14486835238
half,14.0889678419,7.31327360193
win,17.9170163226,4.16335252442
catch,19.1968709607,3.68965509499
whenever,8.58005077582,9.97622395826
open,13.2282803069,6.57561358512
wandering,7.73049973876,11.6319540852
used,8.49341960551,10.7110916562
part,14.9328489389,5.8140000842
window,18.7059689504,3.17452314207
bulldog,9.8966827269,11.4722875567
knee,16.6335736773,2.672234952
paper,16.6660587141,0.654900121474
wants,9.54644708534,9.81887009636
wonder,14.7381374096,7.11350240604
land,15.0812645741,8.93910795233
tired,15.168458656,7.06716447624
ground,15.4585017343,6.34768649995
shine,17.1192743145,3.02993772086
spinning,10.0464682813,9.4385117995
ensemble,18.3576017544,2.10946008159
upon,17.0526220702,0.153133481064
pay,17.3097155152,3.20400172351
takes,18.7364781908,3.52709476444
save,15.5959419787,5.12351031244
broke,11.8639509251,10.8452826198
young,14.6950209347,7.78159901772
taking,7.75896792567,11.508831446
lives,14.6614154665,8.49735959063
hoping,15.4179616868,5.11397886593
bright,9.36424016391,10.9731551123
spend,8.04009159592,10.9804857333
saying,15.3289099138,8.13104012151
whoah,12.3916311011,8.20638954689
best,8.28672995017,13.2988063346
clock,11.8053031774,6.6592968661
early,11.6268733254,6.69732759395
sunday,12.0806641462,7.2843542226
year,11.9365205527,10.6545849294
glad,8.15360185003,13.0937288154
movies,11.677518883,8.35525867949
name,15.1663053308,5.78191566139
guy,11.435371856,9.88006267822
beside,7.20445421159,13.4042630794
point,7.96237703488,11.1341224472
needs,2.96936671521,14.2605561693
surprise,7.42811491114,13.0765269456
dog,11.4444317652,8.03667692882
wondering,6.87469201464,10.7009811065
rhythm,12.8500811042,7.9693176684
missing,5.41918303199,13.2466589162
skies,14.7500950931,6.88480987271
trust,4.77578606562,14.5321507352
city,13.3091669626,9.59824617122
universe,14.5869480946,7.58740019132
hole,12.6231671014,7.76509357052
savoy,-2.34907184776,14.9114860639
thrill,14.6042113788,6.75199200278
wall,15.44899037,7.12587105374
truffle,-7.34561848417,8.00050106002
pain,14.8161702084,7.73583022476
drop,8.80713316138,10.2307206757
tea,15.3437930699,7.55973105093
clown,10.0263332814,11.2987890654
already,6.56541834328,11.1306525654
holding,7.76680763942,12.2560891896
glass,11.5371877097,8.53427696361
set,6.83727247902,12.8220623803
side,0.14424705509,13.2437548178
piggies,15.0653391748,8.70495156715
knowing,-5.58626843767,11.5687865644
top,15.7455107403,6.25824794018
meet,11.3632986936,8.6782048926
sir,14.87521452,8.18149214136
ice,13.7720140451,8.11713410687
pretend,10.475775263,9.09973522098
4,-7.61551049138,0.123290023461
realize,7.97102086544,13.8228782045
dirty,18.905244954,2.74280290951
wah,0.388056706208,16.1962145305
beautiful,10.4868352818,9.43110992563
rolling,11.9402032859,8.21538139526
wake,4.08038378882,14.3092374076
peace,12.632535718,7.76118432396
float,7.60936581933,11.0492126374
earth,9.61842439502,9.58729244406
lying,7.62333781762,10.9446577799
turning,15.6494742051,7.42026080749
painting,12.606324965,7.79025105237
evening,6.71546102374,10.8817211304
longer,-4.68103768234,14.287949954
reply,-9.54665065622,0.898714606531
meant,3.274285936,13.7120763167
plans,8.15874387817,10.4124311367
along,9.89531416516,9.12711956118
sweeter,-2.71752062765,15.4894671541
summer,0.623992727394,14.5861599941
son,1.55188511735,15.4212880039
bring,2.45227171493,14.3736067235
knock,13.9748240041,9.26187366829
crossed,7.7926797686,12.7982384221
naturally,-7.79797130835,-0.508288350971
boat,7.48371770275,12.0802004004
locked,3.47904456841,13.398632171
guess,-2.03668460864,12.9351045157
bo,6.37213608802,13.0166036261
small,6.80633272531,12.6487520013
sail,5.41193505062,13.3049547221
worse,14.0670617155,9.75728655352
scene,8.76566492827,10.429924039
arise,6.75541564526,11.055345255
k,12.6475559935,7.80553513214
eggman,-1.64072987956,13.9684734068
blind,-5.92296966582,13.2963770467
cup,12.1441986345,8.10561045318
frightened,13.0487836879,6.87884512061
wife,4.80331001013,13.8400354528
quite,9.65866884729,8.33577958586
cut,5.38227798068,13.1683594768
submarines,-1.42816285017,14.6913862534
taste,-3.55320713536,14.9883501574
walked,6.31510909743,11.3663506466
strong,1.26224459149,13.011064858
spoil,-7.92987715256,10.8562140468
return,-9.42742560085,7.03897544086
stops,8.88166394454,10.4327117767
single,-4.29420027806,12.658874208
read,-8.04926142893,6.57064553703
eggmen,10.058299404,8.5833484415
mama,10.5416026284,8.71769600835
anything,2.7847040334,13.9557754589
tax,6.42753512697,12.8704241064
soul,2.75916068652,14.1988622904
street,8.65218770153,10.5139049132
promise,-3.69936548505,12.4188597044
younger,-5.0029287496,12.0600635115
board,7.04221923608,11.2051722328
rules,1.43255229098,14.2241444908
hum,15.4371082238,5.34871657976
playing,8.514322134,10.7585206776
dying,14.8385659577,7.33194564749
within,-9.00309080166,9.31090196312
kansas,6.73137632496,10.8300334582
miles,7.62807823006,12.6319473745
singer,1.3777362474,14.5464101616
wow,7.54137645975,10.3003977909
monkey,1.16417581632,15.0791489285
shade,-9.69316155544,7.83606787334
yet,-6.46275110404,11.1668007505
believing,-5.43178664086,13.1861577574
dirt,14.4940562751,9.06835084833
tells,11.7897413052,10.4173743918
ear,5.74600322106,13.236143926
belle,8.06787836303,12.6665320307
nine,4.72574769133,14.2972615903
crazy,11.2848531221,9.64191379994
sign,-5.215359838,11.9763177311
key,6.96149522761,11.0670534211
caught,14.2324262281,7.74845142048
father,3.33859255636,14.1536561724
aaaaahhhhh,16.4745595697,2.29205349279
first,1.87583839091,14.1258752157
soon,6.69801194554,11.0301988262
looks,4.5044731692,13.8011773297
grow,7.87896396461,12.0501015608
fixing,1.15166494178,14.9020503542
wearing,8.36252314182,10.9610082125
sorry,4.71278614209,14.1918832082
boatswain,8.61825766945,10.9165058727
lazy,7.84721328803,13.1386716337
secret,-6.32475417417,11.3738106378
cool,3.95059618523,13.804415178
drink,1.39010861614,15.2866771324
often,11.1208552819,8.78972952004
dancer,-2.3194653956,14.693768402
cheat,-4.18387511432,12.877767093
woo,-1.80031649297,16.0073753153
couple,-1.7481142737,15.1617660993
thinks,-7.56038625857,11.1359038966
touch,10.8815206981,8.84614949313
knees,2.79478826039,13.0147767411
angel,3.23407992485,13.7080361514
onion,-7.45349738074,-0.255420141595
asleep,-8.22255983454,10.5503345602
foot,7.88838047458,13.2058720761
pictures,18.6892063257,2.43781797032
bottom,-1.99211767235,14.8789078776
thick,14.5529860418,7.36078462478
woof,-0.638113117717,-12.2503763349
brown,9.6204526345,9.41975965726
bit,1.89931303586,14.2173984899
unkind,3.52625839501,15.1574040609
hoo,9.84309461959,9.46687612926
called,1.40955381385,14.8669197435
speaking,11.7193098709,7.99268613771
uh,-8.88279694324,1.51426388506
row,-1.86143984936,13.1158466758
spread,-13.6414583602,-7.0642357606
flows,0.780120400436,14.5096017233
special,-3.44635802207,12.4986465315
qui,10.1726001969,9.03080656978
thank,-7.00769493978,8.46671443433
mistake,2.84114641061,13.5281523702
banker,-0.520141557133,15.8439350236
meeting,4.05395556373,13.9304734133
outside,-8.10823120116,10.8727678558
begging,-2.63552380804,12.6279877644
ringing,-2.12874571688,14.5589814708
sont,7.62699311549,12.7367838938
desert,-4.81568637657,13.7770282154
shy,0.886555277364,13.4643126074
meanwhile,-5.49254475057,14.393721807
built,-6.18487411968,11.772675396
wood,-9.71966633808,0.817330804007
homeward,1.83292150702,14.784060156
keeping,-8.29022764153,1.26705779344
pam,-8.56350738104,10.1359135998
sincere,-9.41953586016,0.875915488002
gideon,5.60695887207,13.0639926613
bended,-3.9113258208,12.5197834609
feelings,-4.8859749201,14.4737573415
bigger,2.89174337773,14.2741667587
hot,6.5796953261,11.3118705019
table,5.27145839014,13.3543746752
fix,-6.28650904395,14.518149042
indicate,2.12248800892,14.4829339185
nay,-7.37230235282,10.5976055704
appreciate,0.290004549932,14.4891586979
important,-1.62259541779,13.727359365
monsieur,-8.0132958016,8.53449292781
wish,-9.89155990265,7.41979445074
different,1.64913888965,13.8669000313
kept,3.38425576221,14.6338077334
giving,-8.97520358475,5.48136480286
jones,2.35757369588,15.8889094194
station,5.7601590466,13.0645223299
wonderful,-5.84374859869,14.5193409558
mots,13.5130542342,9.45733153281
searching,-8.25711466536,-2.1586811014
kite,0.139371725359,13.2772973864
feed,-5.5234973788,11.5595314877
lend,7.22321739603,12.5273942761
crowd,7.8202156251,11.2108453841
moan,-7.84381372476,0.280955703084
stare,5.24218635653,13.3823812653
raccoon,-6.04027382351,14.2819413069
loretta,-8.23072036033,0.895935559102
share,-7.31759049084,-1.3307767529
shoulder,1.12146527691,14.4792669017
flowers,2.65523064249,14.1558247745
whooh,-5.4503491704,13.1387122104
disappear,-1.71271257343,14.2022834596
deceive,-15.838608513,2.58892230386
means,-5.80795061052,11.8776641711
finger,1.42563380995,14.1436682235
flies,-2.75547317128,14.3594057402
local,-2.32799343355,13.0318946202
mmmmmm,-6.74833185055,-8.72202353332
smiles,6.94058417136,12.6004394149
golden,-1.20682248078,13.9993173492
magic,3.20459207581,13.6120900415
happened,-14.3733631374,-3.45305821105
writing,8.36131264788,11.2947531337
h,-4.68105260279,14.0076548536
insane,3.53077852133,14.5374428024
view,-7.11572765956,8.44986955959
except,-10.1521495773,7.25943732208
choose,-0.344131702598,15.8773729499
clean,2.61604572903,14.0941331248
songs,-9.72068693251,6.07069220827
majesty,-1.7887511983,13.9257550905
realized,-7.53128303567,-2.04055985752
school,-0.0322129382715,13.8841440042
lasted,-7.9571478164,-2.24404936929
guaranteed,14.8322237596,8.03284943572
asked,-15.5722881062,4.10349775395
lullaby,-15.6028019612,1.41985789358
shows,-14.6589954786,5.11873855666
somehow,-4.83267366945,12.2580540524
tasting,-8.98633984917,6.76333399087
notice,-8.43259279954,5.99454860133
sunny,-9.8079716122,8.26706753184
log,3.77845500966,13.7084359885
works,-0.539407048207,14.1782098336
ran,-3.6486397831,12.6066807594
older,-2.88810455949,15.3762216743
cloud,1.27824582244,13.7848362109
filled,-8.54461160196,9.78283733875
travelling,-0.241817432029,15.9351756458
million,1.03824118244,13.2374358762
dreaming,-7.3987324148,10.4393513326
birds,0.507854377952,14.8185715432
nature,-3.702544437,15.5301147719
moon,0.408371952791,15.177669421
lift,-0.105533615392,15.2925551354
step,6.31756326507,12.6933045262
pick,-9.74624040565,7.91804747385
stone,5.45304632162,13.2641985007
picks,-2.25681421742,14.6458049976
clouds,-1.57806283468,14.2236601488
socks,-2.82092092546,12.7462003379
ready,2.9539759396,13.440008891
measured,7.02221297533,12.1589138429
however,-5.19715852267,13.7810653615
polythene,-7.84899149378,7.8340106754
sight,4.42969948774,13.9293902336
flowing,2.83508002033,14.0373783696
worry,-9.03987631502,8.51540567709
hurry,-5.17129600576,13.938530102
eat,1.11254732479,14.6719912498
diamond,-7.32491012867,-2.06625154626
bet,-7.70271736968,-0.24084065165
filling,1.63098572415,13.7559444584
market,-5.27422640185,13.1764483097
white,2.35374295618,14.1253076225
clothes,5.0856419795,13.4971831454
sixty,-7.21660006867,-1.89592078017
om,-2.52120748764,12.7428062835
holes,5.59755349479,13.2574791867
des,9.75973674391,9.0104446434
vont,10.1217273293,9.02617139985
english,-8.16514906106,10.3708688266
drag,-0.227508803122,13.6447338629
future,-2.74122641116,13.0207740258
blows,-0.207385341676,14.2109993078
slowly,5.23047710914,13.406376471
fire,2.41908986689,14.0553520596
tuesday,0.0525289417895,14.4925575465
wear,-4.96718058667,14.3111252065
george,-8.5166536586,3.81602495236
tangerine,3.69853828919,13.9983452406
suburban,-1.15783915476,14.3133436902
nineteen,-8.14371585994,8.77838872915
opened,0.609735417964,13.5561561782
woman,-4.82095209701,13.9432297176
winding,-13.7891486838,4.59206378949
picture,-10.1504789151,7.62602102667
although,-7.70936085742,8.70269509639
memories,-9.75002419702,7.34511280659
monday,0.595917368669,15.1115809727
gives,-7.41395876875,-0.619890859768
reel,7.07621700519,11.9621030742
saved,-1.91327245266,13.7205811186
sometimes,-10.4395345226,7.23991447116
tearing,-4.07308414534,15.7887808745
riding,-15.4837536653,4.0442127992
moving,-8.61360916804,5.38425901182
voices,-8.25217165239,5.72500551802
fragrant,-8.52837708104,4.5464161524
kaleidoscope,-8.46063922008,0.533910774427
girlfriend,-13.5802820638,2.11897692705
self,1.10079417908,14.2120049705
tiger,-15.3434632262,2.1392268613
mi,-9.62883057973,6.74308098771
barber,-15.4724365196,2.50316600611
checked,-8.3505805475,4.16987157608
meaning,-14.1411097315,4.41461171831
nasty,-8.75025680232,9.7137249784
seem,-13.6795780244,-1.94476479555
bought,-7.8755554421,0.0571309375127
ginger,-8.62819203724,3.79660631438
ay,-3.08019296923,14.7536684616
solo,5.57350043136,3.77595439799
railman,-7.1995790814,7.84507186412
whoo,-7.6601875832,-2.18871830378
bundle,-7.8969736074,0.568624101208
mary,2.20332307046,14.6793429048
roller,-12.2245440828,3.43191982007
billy,-10.044857442,-6.58238461686
hang,-14.3276057552,-3.35270902935
downstairs,-6.11109787909,13.8122573257
awoke,-1.17746576037,-7.34845987785
wond,2.19021275796,-13.5847276422
yea,1.49141464949,-12.7184698575
meadows,-14.0970525829,4.84333154286
waited,-9.81638884546,6.2486772795
vain,0.501361725288,-2.86012144131
ship,-9.06689883347,8.8956206578
twelve,-9.35719617209,1.0496689839
shaves,-5.62418772314,14.4332390379
putting,-15.004754377,2.30091161886
beg,-15.6606370598,-1.54688216596
fever,-15.827458828,0.675045934682
greet,-7.34326847251,10.9352231003
performs,-2.1924900501,14.2267027713
romance,-8.17320572451,1.34273641625
toe,-7.46370623535,7.68130643521
sister,-8.47044886171,2.37954253235
lifetime,-15.6033317664,-1.76310327857
places,-7.70057456797,7.45289504119
dies,-9.41037272489,-1.10389208434
habit,-8.22208668407,10.507820224
screen,-12.1798927307,3.36471917926
agree,-7.41577881399,11.704119509
danced,-13.5215281474,2.24806685731
wishing,-4.76179862006,14.2099389303
truth,-13.0672732972,3.76855412065
radiate,-9.69044283139,0.411671747742
horse,-7.46405434396,9.11729325772
pouring,-9.29743789805,0.732455382601
water,-1.72236965259,14.0928693232
untill,-14.9413078697,-0.958191344399
imitate,-7.60571582878,-0.71196023725
twenty,-16.1790061952,3.48175117456
style,-9.1125928204,-1.45837710967
upset,-10.0603438532,6.05872107855
front,-4.09142553649,13.6235398913
soft,-15.9401322736,-2.59540294686
worked,-10.51520738,8.05823579837
luck,-13.9696851021,1.2482994586
creme,-10.1251374115,-10.4529445301
hai,-11.3859441636,1.05737522992
plainly,-7.90209371295,0.617752079719
returning,-13.8632144228,4.74377522748
arriving,-7.38807350421,7.45154528689
sermon,-13.3840667261,4.24895934663
somewhere,1.00818511763,-10.296196909
speak,-9.3207471827,-1.08402896975
joo,-3.35070562812,12.7228334205
trip,-13.6456695641,-2.19601028216
tune,-8.12117157651,0.85984941457
stepping,-9.59972731971,6.96639401525
conceive,-0.342533010219,-9.47434548625
doc,-7.20215857459,7.24028054984
glimpse,-3.7419855651,12.8842406951
brand,-8.21393624943,10.7484709356
shines,-9.56778323964,7.53705262156
zoo,-7.37197013416,9.04104804259
fingers,-2.09681638322,-0.402399581816
corner,-13.5735742719,-2.420956971
brain,-2.38832557254,14.8462691971
chances,-16.3156792676,1.34930323695
clue,-15.4027426873,2.16265764042
doris,-7.92240900446,-1.16235494994
case,-10.5588576512,6.23017352778
hay,-8.49956071873,10.4287545646
coffee,-5.27836514377,14.9054670086
unhappy,0.92915685587,-11.0908889914
begged,-12.0822313075,-8.21868165988
boom,-7.61932694542,-0.553618001924
rope,-7.80646930794,11.1222333854
deeper,-13.3513747347,-4.31381499259
funny,-10.2203993391,6.89566878167
national,-9.36431720434,1.13138529752
saturday,-15.3439424188,3.95010089086
leads,-11.864333882,-5.16204771725
windy,-4.88926188184,14.032069293
blond,-8.29551690975,-0.505447807473
dates,-14.3773552495,4.42413814313
georgia,-15.9379772009,1.93606595281
warning,-9.5024733538,6.05120779981
mckenzie,-9.71274696765,7.26182466163
waits,-7.73658494244,11.2792041649
sung,-2.08592805835,13.0369723219
sorrow,-13.7486658653,-2.75173800214
dresses,-16.8441793333,2.8889517305
slide,-7.66953182452,11.3065871148
thin,-16.0505390711,3.67883277403
judge,2.39625235069,14.1460247281
worm,-8.42284547653,4.32930529357
shore,3.65173414678,13.8423643881
northern,-14.2998557031,-1.9020450027
grass,-12.3052057084,-6.44735415776
moscow,-6.39911597482,12.2014373498
folks,-8.27658933718,5.36517302127
higher,-9.11591608945,-1.1933816801
rise,-7.70326996094,8.32186338186
hendersons,-4.79713292568,-9.84244120874
ry,-3.80471772375,13.4270026213
treating,-8.85641199731,-0.970755862151
pride,-9.25775121498,9.16859030665
unwise,-16.5526351876,3.21967518964
greatest,-3.98655393888,-11.3219409461
biggest,-7.72163154916,-0.317129493264
tchaikovsky,-16.0404087456,1.97345640993
e,-10.1727943995,6.5021755548
realise,-14.9262030794,0.243985904429
sending,-9.73459929571,0.278236452423
fuse,-9.98166714478,7.5509766239
park,-4.87646166516,14.3223957224
noise,-4.58501445029,-10.4124546403
mae,3.04682800078,14.4387064689
passed,-13.2734319907,4.12932601556
pleasure,-8.44927002329,10.7174439999
max,-8.25236986327,10.4442597344
penetrate,-8.39216411262,4.54651520649
production,-7.97150507395,6.54702190878
pineapple,-2.51717100291,14.3607457817
location,-8.38894132264,5.63037904712
maggie,-3.43257473172,12.919800297
film,-13.556624096,4.38097420743
carve,-10.2044557134,-9.62589967602
norwegian,-3.79709550489,-13.7079299812
burning,-10.5481496807,-9.32511076218
wanted,-14.9378298275,-0.706792574879
supposed,-1.84134675581,-3.30683877165
ocean,-10.114380561,7.33913071529
hour,-13.5683566531,4.18703278712
assured,-5.18513063275,12.834259316
aahh,-13.6965608991,2.00567933844
celebrate,-9.96502659946,7.90264198076
story,-13.7089945104,4.56676952999
aaaaaahhhhhh,-13.0816462275,-5.12287062849
chop,-4.35406699873,14.3898825252
piggy,-5.86826158503,14.6360256239
fooling,-9.61838682379,7.21862207312
closed,-6.01408610757,11.7196343835
foolish,-14.7218607003,-3.37693092327
owww,-4.82196968676,-9.24521651972
blew,-6.84755038363,-11.9415456655
sleeps,3.46141231949,14.0330529757
stays,-5.92968229929,14.8680766884
book,-8.21112296784,7.43146781521
fireman,-8.92309404979,1.22615832093
shirts,-8.22670349395,10.2250254066
kitchen,-6.14190930701,14.0599938775
learns,-13.5415636554,2.17211279707
satisfied,-7.84905899058,-2.19095218445
cannot,-13.7508691084,4.29405124053
deserve,-9.38283749074,7.00681199188
eleanor,-13.7322965791,-6.15449288074
strange,-7.78347760463,-8.74953545459
freely,-8.1687900523,6.23701368398
pies,-4.11642667769,14.3107702036
helps,-7.31488525527,10.7482114495
command,-6.12783487828,-10.1474396596
kids,-8.45119404826,3.03652241789
sling,-7.47375428378,7.55582107989
naughty,-9.52133552025,0.980029643333
disagree,-8.19684005167,-0.330421659749
stars,-16.0792851422,3.62587910009
amore,-9.54809376038,6.71196639185
overnight,-8.20048862188,1.32533625285
card,-16.328197549,2.44770670328
wink,-4.28694734567,14.562354675
aaahhh,-8.30271673204,4.63697491704
syndicate,-10.4264548793,6.48224921291
ohh,6.73452078379,11.9222795026
worth,-9.14505825086,0.217844032427
thousand,-9.22405637416,0.857977924699
church,-5.34193676546,14.814306754
oscar,-9.53728053575,-0.997572124633
piano,-15.787623638,1.84451750634
rent,-9.47906569141,-0.916665099422
robbing,3.10070733741,13.9684034539
disappearing,-8.05033659947,-0.387317922689
b,-14.2304329219,3.7068997868
fingertips,-1.77237911501,16.0082779853
refuse,-3.88324289791,-11.8123180908
rigby,-14.7104553938,4.39089453039
lights,-9.35063916305,0.977476584156
doors,-13.9261464024,-2.79032529596
bible,-7.4834310538,8.67197573149
noticed,-12.1395681621,-8.85645514277
listening,-3.72250727388,4.29668237208
mountain,-8.13942169678,-0.286766999061
yard,-5.41066093938,15.3502263889
joan,-5.04900887441,14.3293422273
difference,-14.1993542905,-5.84313400712
complain,-7.08071446276,10.9322432818
south,-7.82493444638,0.678493370569
goin,-12.5029170878,4.17854751733
wooo,-5.76756785786,14.3453517203
dew,-1.75967525252,-9.67759477625
shown,-10.1817475193,6.4353678949
perfectly,-13.0174552429,4.0869610667
loud,-16.215589655,1.56836745833
rival,-7.1373275728,8.19042348886
delay,-13.4474436932,-5.63988659547
independence,-8.05499431658,10.5203004057
aaaaaaaahhhh,-6.04715483512,-9.58417478785
pigs,-13.8031414316,4.8167293927
train,-7.87693598564,9.66368089949
west,-5.94951946252,14.627958721
90,-7.03128643214,7.97173868039
chasing,-13.7359326952,5.07123104488
count,-5.22466016121,13.1269332115
note,-3.66319400026,14.5920830192
walking,-15.6683448645,1.9478871464
layed,-9.93379858128,6.82457609858
fall,-7.88569119018,-0.290101522696
treasure,2.32246557646,-1.54168820027
clear,-9.854872968,6.46121516253
stretches,1.33228327189,-8.96154850126
rosetta,7.27783036862,4.63732453037
nights,-5.2280738655,14.2427026652
floating,-16.7378063465,0.860981494396
slip,-9.53009772064,-0.652301202914
joke,-8.44369179913,3.41719505107
wings,-5.97499409621,14.215534344
affection,-8.87445581235,8.77827066755
grin,-16.1057709701,2.33083118022
reservation,8.98310402255,9.21577490784
quit,-8.59580958553,-1.75955760429
aaaaah,-15.4774213581,2.97503248237
taught,-7.80535369293,1.68412012593
j,-14.1274544186,-2.10743599461
yee,-11.395279411,1.05157293986
started,-14.7873706222,1.00183645347
lovers,-8.08220164143,6.2661227905
shot,-9.17191114615,1.04457673004
fore,-8.02434175652,1.31109432586
pony,-8.50983389908,-0.715001626462
clutching,-3.26983451495,15.6258247062
sin,-13.7409986729,4.33795695186
introduce,-8.31828143974,4.29217365204
chords,-7.53790275243,-1.0166106805
brings,-15.4948508021,1.77686526492
montelimar,-15.1272713581,1.62357374198
wet,-8.42082258218,-1.78482401041
weeks,1.15468401296,14.5716980181
tighter,-9.53777068036,-6.14834618893
disappointment,-8.84489884659,8.29004184022
dawn,-10.0413318501,-7.14242577835
cah,-13.2065798335,4.17615081866
skip,-7.93961837266,0.592665118935
picker,-11.7042849152,-8.61925197886
yawning,-4.87229245837,14.5138684693
drinking,-9.4287255488,7.6844387762
safe,-14.1903293652,-3.87013532668
aches,-15.935759226,1.32782723544
joker,-9.93310428387,6.91342750657
footsteps,-8.613108743,5.29216233351
raincoats,-14.5367396531,4.32704232337
suicidal,-9.85037621066,7.70604714265
telephone,-9.24510405711,-12.5349515076
shears,-8.71883921873,-13.4630762305
roses,-15.3698950862,3.128393032
bringing,-10.1953652362,-6.57677058778
thoughts,-9.88723162885,-0.506303359207
dessert,-8.71440966978,6.0752124775
ways,-10.6626681357,6.61906609267
lovin,-9.27438046931,-1.35559636286
ukraine,-12.0953867871,-3.45471046799
daddy,-7.78657108011,11.5202214529
tries,-14.7333650859,-2.84972566178
wasting,-7.26996547774,-0.102933847241
fbi,-7.30853888339,10.7567620705
beyond,-13.6430669662,4.50446276031
invitation,9.04966461127,9.03640244141
diddle,-9.05509562208,8.07979014728
changing,-8.04941552199,6.53139233912
brother,-8.50981044252,6.30720792331
dinner,-6.08706492531,14.2877157015
taken,-7.59829840606,8.28666538993
stupid,-4.83885688639,13.5410653101
danny,-15.8426932917,2.29333459322
happen,-14.2670114026,-5.13576543191
quiet,-2.8233879454,-4.06960687208
understood,-8.7028203464,-0.181072359066
tantamucho,-10.5517531288,-12.0553321886
orange,3.38944026851,7.27697927919
wigwam,-2.79226197146,-12.3460785204
fudge,0.487348913293,-0.900585915607
styes,-2.94630428275,2.35416709711
mending,-2.13079105752,0.291978527895
linger,-0.780409649588,-4.40577765301
sheepdog,-0.805392726786,6.04674726856
mantel,-2.9507434414,-3.68225445139
stroll,-13.6585298531,-5.28755863943
trampoline,3.00022275643,5.38088114732
pennies,-2.80710486061,3.59464003374
department,-10.4072904509,-12.0982934652
multicoloured,-15.4757922972,1.75487294615
headed,-2.74953018967,-4.01250937539
investigation,-4.28488657846,3.91357509731
taxis,1.10206252278,-4.73785123962
hare,-9.14084554361,-9.4435938019
skirts,-12.7258548624,-3.73624161471
awake,-2.59527901151,0.536339943532
diller,-9.39478809904,-9.20208740759
reach,1.05801574821,8.56243464483
wakes,3.41018169048,7.44550622207
cat,-2.67263804803,3.11795684758
knit,2.01694843408,-11.6477395181
mountains,-15.4003216537,1.80679273422
arizona,-1.02004776698,-4.67542056197
fiddle,-11.9176399219,-3.53575136434
woos,3.28101462267,7.74973471901
confusing,-2.49409512323,-0.0558375692943
jackboots,-1.99190393698,-0.172691918131
oooooooooooh,4.75121683518,5.60219017743
corporation,-13.1449140977,-4.90182459532
pounds,-10.5385016679,-12.1551392898
pilchards,0.71510532186,-3.30666512233
swaying,-0.250443552542,-7.43265060435
tube,-15.3422137284,1.95923726778
floor,-6.30551498077,-13.2388199904
shoe,-0.52777880815,7.44239493359
loner,-1.16561593299,-6.92978154042
house,-1.99743313928,0.616534742293
mmmmmmmmmm,5.4793036448,3.86957623515
hourglass,-1.40987668517,-3.08660962184
denied,-1.20482158488,-7.67529000751
lime,-3.95223699963,-10.4930535848
dreadful,-4.20845488064,-12.1527432448
appears,-2.04468463989,3.41899024953
turned,-13.2762702228,-7.81010440947
clubs,-16.7676823462,2.84008583951
latest,-2.32320572088,-1.82801598421
fountain,-7.54212448605,-8.48486566124
bills,3.59988035181,8.10445051874
albert,-2.44981518881,-0.222568373665
none,-13.1346610753,-5.9189726688
caressing,2.42550186803,7.48298063895
git,-1.65312777724,6.53682390026
pataphysical,-15.0326973875,4.20843353885
quizzical,-2.67304557839,-1.3196532589
spending,-3.59827236929,4.84737775652
blowing,-1.71552723575,7.26716482599
meander,0.502622106542,-6.88800665114
knickers,2.89114652647,7.3769688369
nerve,-3.11647494122,-3.11614878428
rose,-13.8417112379,-6.75033874207
misplace,-2.23532847686,8.92444467202
mourn,-2.12924779922,2.85888715415
moments,-14.7898629286,-4.66199245126
becomes,-12.6298827969,-8.77442404936
became,3.87345558888,6.5110812912
perverted,4.1277019352,4.95139280727
precisely,-7.24847473476,-13.8173124957
tail,-14.4087549727,-3.98266747243
woke,3.97006506289,6.69802104563
chair,-2.62196194909,7.32611810625
class,-8.16846304358,1.18169751701
laughter,-1.77343652902,7.74158457356
dancing,-0.176945964564,6.60462258951
crash,-10.6704582614,-11.9970383345
hears,1.79264015068,-13.1281124408
lorry,-11.4113677383,-5.27575069589
age,0.866772701506,-4.26364248153
ahh,2.34266044123,-1.39239400785
attracts,-1.57718646118,-8.20432651788
ee,-5.36496989188,-12.0280299141
fishwife,-10.2636481563,-9.17418622048
fools,5.54751116867,3.86009583219
gin,-2.33078149003,0.462281178539
choking,-3.24023336584,-12.5717974492
doggone,-12.2139615981,-5.73394382875
darn,-1.37523551924,-8.12123703695
washed,-0.381756948617,5.01808480401
dan,-7.00141731171,-12.6059488186
haze,-0.776074413395,-12.7752361502
situation,-1.59787613378,-13.1039206773
anywhere,-4.58293697951,-10.1343753507
lit,3.81937599213,5.91281360578
winging,3.49118813618,6.714252877
cranberry,6.94533247809,4.41128699592
sack,-9.51769046438,-9.59925314683
pleas,-2.18001747847,7.45301965913
mask,-14.4979492517,-1.80652956027
valerie,-13.6847109439,-5.60988089692
sweaty,-5.42603083437,-11.7268371808
country,-5.33691393411,-13.5558853512
dave,3.52876715005,6.82718407716
aids,1.81329622931,-11.5421146275
owned,-0.288644735171,-4.01167231895
steal,-4.4483760666,2.38241737888
oceanchild,-4.47866722905,3.23747361389
balalaika,-14.7182331371,-1.80988291144
grooving,-6.90819811933,-10.1546370938
lancashire,-14.4474010904,-1.75216042318
impression,-13.4450261309,-6.71848735342
angry,-2.66206139387,-3.59031843905
grave,-2.67750292165,7.42196585793
cracks,3.85190603643,5.56864720971
mo,6.91465722872,4.39425214946
turnstile,-4.82480548932,3.39039367375
seashell,-6.37500278672,-9.04738324437
f,-0.0433075933951,-8.64387853585
benefit,-2.82764924817,2.98727704733
undying,-3.46510066143,0.392537262826
darning,-4.418559672,-10.7436287979
sake,0.0941254360945,7.19810728799
postcard,-1.58802011674,6.71963430908
cicce,1.28015877555,-3.10351913791
glimmering,-3.88260824058,2.07415654784
licks,-2.25151810277,-9.97566980506
hanging,-3.21782197715,-1.25823763251
hog,-2.23329084957,4.74348464866
instrumental,6.96330452321,4.42179819833
comb,-2.17275539834,-0.0247483330376
felice,-8.76152050138,-10.8336007034
lizard,-8.78732898625,-12.8724043546
kick,5.94301006244,3.88086234935
screaming,-11.8401341063,-3.88176399021
daisy,-6.7139821601,-9.3299571917
allan,-2.32024560141,7.78651499577
majoring,-8.21228019536,-0.0378993866209
gee,-2.66192241412,-3.97562966651
writer,-0.746430297735,-9.25237916758
curse,-15.3743800698,-2.10783479745
frown,-15.9174307536,2.76135797167
teacher,-7.87166896728,0.232401127845
jewellers,-4.96632798727,-10.1394204981
awail,-8.81932055793,-9.94134026396
buys,-11.8968170912,-6.59093351281
misunderstood,5.88597962592,3.87733876719
madly,0.722265467617,-11.5521276299
pot,-1.89163089506,0.596352432196
able,-0.074993576878,5.49597433676
remain,-14.5654859924,-4.93621447518
crawling,-3.01656746703,2.54895301973
hardly,-0.50317329099,6.52407494778
jockey,1.75598447734,-12.9981333693
digging,-1.54958023388,-12.7837950644
cloudy,-0.698250077318,2.3596456596
hunting,3.241344085,7.7272352636
parasol,0.386026287406,-7.6774925837
football,-8.33245256155,-11.5073962439
hates,-0.620337583254,8.14341051438
zap,-1.81838238612,6.34054245888
canite,-0.760742872036,7.41895571604
sunken,0.228047738021,-12.5431558339
coral,-2.22799059494,-0.674152052917
rehearsing,-2.80995126908,7.74467610872
cellophane,-2.03429577982,3.66574607559
lark,2.22508066802,6.94887986047
war,0.704629918432,-12.1145806813
staring,0.237671683257,-13.3014768279
enjoy,-0.903732309583,-6.42559821327
fifty,1.14769676366,-12.5458647456
thumb,-11.8458720076,-3.71786991125
endless,-0.39215505819,-9.46070701568
arrive,-11.3855535061,-8.35094512798
evermore,-1.07690664269,-3.18510261405
poor,-0.612751016444,7.6865585904
shadow,-2.5857029257,-3.78881322016
drifting,-11.8280346542,-8.06123313188
parking,-12.3049689597,-6.38895075294
shoes,-8.79400179285,-9.49904137856
shelf,-4.47729891471,-10.6551220279
tuned,-1.38075662077,-5.89510658359
slow,-6.12176536286,-13.950932
priestess,0.0788812784672,-8.49522227042
sittin,-7.05506082719,-13.9178841182
portrait,-13.6584195536,-6.76376225845
raise,-11.7063750706,-3.78145503018
mom,0.721064873076,-8.29998817889
sang,2.68056228832,6.94643310008
stating,-0.182605382682,-4.5000220687
assure,1.01297178953,-6.26192768266
coconut,-5.53319095651,-12.1984214243
roundabout,-0.100477379801,-1.94386711698
armchair,-4.70304383358,-10.4915802724
audience,-4.4412581803,-11.9346898163
texpert,-1.17038413004,-1.32351331145
endear,0.655896206744,8.81503622645
daniel,-7.91665223853,-11.6835339119
grabbed,-3.13756781937,0.354291002845
clowns,-0.991253619953,7.34662669096
ruin,-6.63318160328,-9.85983411911
symphony,1.50646954018,8.84686559199
isle,-0.141756482025,-4.3794713598
innocence,-8.9839746369,-10.0689533032
dose,-0.426361725892,8.04945274532
limitless,0.0535803496535,-1.79420373553
engine,0.0324601918244,-8.42646519783
ticking,-1.93953103364,3.3971047336
shirt,-13.6918962045,-4.04173911658
talked,6.81859634613,4.33679001558
mao,-6.44421606685,-12.6746365058
puts,-2.43666238271,8.21837306322
missed,-13.2738311284,-7.86785492509
police,-1.44221244851,-1.00779850245
breaking,-0.703402291373,-5.20379377156
fold,-4.62419632388,3.67959925473
joint,-13.4946774772,-2.26018505371
group,1.80611996058,-12.3149445132
elmore,5.70290232541,3.84110101541
voice,-0.477357042381,-12.4583133639
pan,3.34436356369,8.07002156449
matches,1.35779568646,-11.6303583004
soothing,-11.8071390156,-5.43675121554
spent,-0.845762829975,-9.26104215954
arms,-7.60503481943,-11.4759730582
learned,1.5952440528,-3.70533424979
messrs,3.29389749459,7.89700576132
bath,-0.460436800493,8.62068959155
postcards,-2.99123748462,-12.2481381917
testimonial,-9.67007364048,2.39565671665e-05
muddy,-12.1233663837,-8.63221175188
driver,-4.07489232533,3.54701211765
travelled,-1.25699640914,-1.41743781291
determined,-0.941102558946,-10.0894478599
dylan,-2.14083969824,3.43696366743
harmony,-0.624133053989,8.54958233497
position,-7.01094200717,-9.53684102979
henry,-12.5783089689,-6.40135715719
pane,-9.97697850544,-8.14147715414
donated,-4.317531601,-13.1847807629
greetings,-5.47868961335,-10.0523091359
tragic,-12.3767153896,-6.58452927435
aw,3.84711530315,7.93713400363
chairman,0.597305204685,-12.8802327798
crawled,-2.40997307085,-6.64079944963
goodbyes,3.60040606422,5.06199807639
behalf,0.732620268534,-6.14566934024
accidents,1.372604174,-10.3356915868
discreetly,-13.8815464045,-2.64924642926
possessing,-0.880472787426,5.51919463179
solos,7.08231149975,4.49542054543
kissin,-0.0771122286929,6.71272717974
fireside,-12.0031004843,-7.79364013404
bar,-1.05055541195,1.99223381428
busy,-14.4473293118,-2.00859149564
touched,-0.336429279837,3.6526849183
wanders,1.12019875802,-8.0163466577
mood,-6.5469646586,-9.12397389632
cries,-11.8040287163,-8.66268851384
certain,-2.27355699238,0.908762419808
bounder,-14.6942367561,4.25159306144
spinal,-14.2929827597,-4.57024690916
screw,-2.46120527684,-6.43905495613
quando,2.58625080454,6.74022159595
photographs,0.182735386464,-13.6114482395
correct,-0.729192993388,5.23127162036
oughta,-11.9244060404,-8.03682359721
public,-4.11801366136,-11.4448974594
blink,-12.4365828383,-3.39052343753
carrying,-1.32208774252,-12.202934061
test,-14.7213558209,4.08433732512
holiday,-1.33819238248,7.15155621945
inverted,3.93695012639,5.8332821238
seconds,-6.17678318618,-13.0757437997
deny,-3.04655700499,2.65777659536
members,-1.31777027642,7.70294601344
suede,-10.3234854036,-8.44069731838
thoughtlessly,-2.78354467276,8.02346680045
lock,2.36310127722,-2.27454912924
military,-2.76068151032,3.20747143526
misses,4.52596776323,4.59081882977
coca,-5.24232756895,-11.1141509208
bacon,3.50612959966,6.41142872549
bottle,0.757031210357,-3.39915796707
celebrated,3.83938247732,4.91950307175
resting,0.959727631406,-2.70835152147
ruins,-2.60494538268,0.557678498954
cast,-0.646211831392,-9.37023473468
prospects,-2.45698079028,-4.12129620466
georgie,-1.85133525219,3.67876576378
weak,-3.47562018665,-1.25466088552
marigold,0.546850284092,8.31406075544
hoe,-12.1756304164,-3.34092498665
pillow,1.75904091712,-12.9491306536
newspaper,-2.34158607707,5.96102013052
nose,-14.1119656355,-3.43520218959
stood,-9.38881581562,-9.38399122311
state,5.52034181849,3.86773991098
watch,-0.606972297399,7.96141355811
sucks,-6.03873997481,-9.49264311895
frantic,1.70029237713,-12.2165277928
helping,-4.54357032477,3.07682645258
bellyful,-11.5145782529,-9.06970484859
dressing,-11.6597098754,-8.14455357824
james,5.40005889419,3.88776724221
hollywood,-8.39024049236,-11.4003932335
tan,2.51444364735,-11.1407003737
void,0.146902934963,6.6041789034
marry,4.28647205136,4.83914120192
comrade,-7.21239329826,-12.1405619277
sympathize,-8.36951417992,-11.3102869566
melting,-13.458649697,-5.65952210718
abrigado,-9.51836986431,-12.5908970701
rockin,-1.67770853558,-0.478325840796
revival,-0.480408895632,8.86913390298
biding,-1.91822065861,5.66775170595
misunderstanding,0.613668919863,-7.33824059578
plain,3.05160051126,7.90363119189
minds,-0.131360078438,-11.7143044217
vanish,-1.56211935483,-9.56603620925
images,4.56170727304,4.30617614321
showing,1.57318503719,-4.51799483479
hark,0.245739201675,-13.280300384
dove,-14.5534326865,-5.45058589854
butted,-7.99320761351,-10.5670172719
mighty,-2.10796087116,3.57473153023
silent,-12.5975498847,-3.66902724176
anyway,1.26831178145,8.80165210304
forks,-8.3903313132,-12.4313257943
smoke,-1.09658975964,-3.76801188574
college,4.10301818625,6.43254807587
england,-3.94140364926,-10.9138311198
sacrificed,-1.66130998689,-6.16643612345
hills,0.499963272426,-9.96098291612
50,-13.1282618895,4.25890089456
leisure,0.621242843419,-13.2235419886
controlled,-1.97019271546,4.76538313034
winter,0.170187135537,-8.66210776986
troubles,1.81150275594,6.9168658311
losing,-0.340840559158,8.65575427527
shimmering,2.1574898027,-3.59926012715
17,-0.209762158269,8.21495791868
seeing,-1.70529040677,6.35927664202
undertake,-2.24538219606,0.0960895216443
collapsed,-4.62969803398,0.718553945117
hearted,-1.9721210176,1.49346006698
doubt,-1.64635773227,-10.5795155182
angels,-2.65037926824,7.43646604718
edgar,-2.76287780669,-12.6130128808
jealous,-11.7062832432,-9.83447295819
selling,-10.8166281458,-9.25539344319
tart,-7.98959629284,-12.9485385317
pocket,0.738537278056,-3.3081396958
hideaway,-4.64371011199,-11.7180423171
pool,-0.626234166169,-8.06861573824
killer,-12.0229290925,-7.91466503516
upstairs,-5.35818191955,-10.0298538311
quarter,0.74002754965,-4.04275381184
colour,4.13956867546,4.87690089233
hogshead,-3.01796449838,-3.90678034517
blow,0.294056438361,-11.9889548378
mambo,-13.1557816536,-2.15437682584
scrimp,-0.464544658452,-10.0780266353
thankful,-2.2362149241,-5.24954746651
bathroom,-0.671366049723,-5.14525032951
protected,-12.6890153302,-5.67223347942
mornings,-5.73003227031,-9.6215680558
stirring,-6.17786797442,-9.40461997516
air,-15.5628849845,1.3368199042
coaster,-4.40458940381,2.71553413469
pools,-14.8125465908,-3.00563334658
marmalade,-15.4548494259,-2.01076285475
paul,-11.8428062179,-7.94200438401
walks,-2.58655121924,-12.4741629695
picking,-1.81517027355,2.91366295475
tow,-14.2451265006,-2.29935361436
succeed,-4.41781699658,3.02543671955
sooner,-9.08023225386,-12.9868292214
dances,-0.261444187262,5.48170534466
returned,-15.326117002,2.45189725339
seemed,-3.58226101823,-0.896945529689
teachers,-10.6379759493,-7.32765834741
cake,-9.74279755545,-10.8247045391
miami,0.0786826023744,-8.03318803512
direction,-4.4305507157,-11.7471866355
challenge,-1.27426479495,2.08616352133
stands,-5.81395800494,-9.500222154
space,-1.73074261212,6.65958229557
asking,2.90329061139,5.70021555311
lighten,-11.4502025931,-7.71771561715
laughs,-11.9331439698,-6.3073767846
tides,-2.51884848347,6.28363786611
congo,-2.64907607555,-0.78681988226
american,0.633646307662,-11.0553110943
waters,-8.9991799879,-9.91052205307
jay,0.775866471971,8.55575252435
kilt,0.132681102792,-13.2799124384
overtime,-15.0652949406,-3.32167576607
beauty,-11.8500716756,-9.22109690267
que,0.373862284298,-0.630461102101
mail,-3.88178983182,2.71454596373
wrote,5.70964707463,3.84171361096
inquire,-10.7801490517,-7.69644645401
closing,-10.2976418967,-8.37389294306
likes,-12.079534853,-3.19385770336
fears,-2.82511173661,6.70775757449
cracker,-10.1002135841,-8.07832234226
chuck,-2.69045204914,7.10044573803
blisters,6.97883769242,4.43053311918
solution,-4.27891601316,2.48196382193
krishna,-13.9678089177,-2.25857201057
tenderly,-2.96798671111,2.1545504037
flew,-2.18778404844,2.92865354837
stinking,-4.50080195944,3.06594286276
fart,-2.692388998,-3.44534559881
wiggles,2.07667541774,7.79847342197
swim,-1.09757306305,6.91954396747
knives,-1.28049279861,-5.171999366
farm,-14.273243631,4.30352150284
iron,-9.84798162346,-9.24377328748
begin,-0.343777564113,-4.28274379731
hobnail,-14.4614718181,-2.04607426163
madonna,-14.5206275858,-1.73101880688
bullfrog,-3.80745727533,-12.3465084495
promises,-5.49391968443,-13.069595944
walter,-6.81318565489,-10.2545029683
cia,-11.5566573279,-7.85496581918
shady,2.33934806916,-2.23496390455
drum,7.11533990051,4.51739227075
stores,0.856314779371,-9.07970472278
summersets,-9.57430882762,-8.39835121002
liceman,-14.8197694772,-5.10166201657
porters,-13.5247057874,4.42584919181
lends,-0.133911906544,5.4236852895
eh,7.27884534566,4.63816427239
dripping,1.14438663034,-11.8460005959
cola,0.286630275222,-6.27372876498
mattered,-3.84170790862,1.90573203332
topping,-4.21190949979,3.63610356489
deliver,-2.10421880614,-9.73737811659
parlour,0.429343609241,-8.45015014397
lil,-0.403950498603,-8.91410160297
conversation,-14.8276371888,-0.992917033886
lacking,-4.07719231511,-13.6329738017
bee,2.56779378642,7.44355971685
roam,-14.9927184304,-2.45821018194
slept,-0.641027121793,7.43174083399
trouble,-11.805461853,-7.59163289384
triffle,-16.1693070419,2.61573556281
pleasing,-3.93776961956,1.12980184305
jamboree,-11.5569349948,-3.57099133622
preparation,-1.0905409296,0.435800623508
less,-3.48544264312,6.69087888685
tied,2.78398892618,7.57033985395
storm,-1.7479527294,0.401232941897
ooo,-1.22547584077,6.39399755482
dragged,-1.6389376584,1.39783424662
paid,-11.8491032148,-8.56180440465
photograph,2.61798597416,7.05304642286
wonders,-1.27744571555,4.6616135427
parted,-0.880542849821,-9.57667510237
specially,1.14586665297,-3.74452357766
l,-2.70382021452,-3.61146428329
phase,-13.6376065397,-6.62715793194
oooooh,-12.3266592436,-2.75747588953
rug,-0.595769988034,5.00911403256
possessions,0.512938211118,-13.1119777937
wednesday,4.85030106664,3.75011502148
mundo,-14.876472783,-3.59005544961
bloody,-13.9808040601,4.53010571127
lady,-12.7725077627,-6.08606471249
beating,-11.2503426304,-9.78759206174
buried,-16.1196175098,2.46972063169
marshmallow,-16.1830380347,1.39361787374
splendid,1.07916860935,-12.8719685917
grandchildren,-3.9399043977,3.48162320237
natural,-12.8625343267,-6.46534082782
dug,0.870360383014,7.42584757854
red,-1.55020537065,2.91914443047
aaaahhh,7.2726186451,4.63296354918
medicine,-7.9751955013,0.803756708808
cent,-7.71145931056,-12.3837872908
negotiations,-4.1298948511,2.26639656167
peanuts,0.00788993566052,8.29805518864
edison,-7.98710177751,-0.531852709715
wipe,-0.511894494042,-10.3428026156
decide,-1.32414820493,-12.9037079695
elephant,-2.23416241855,7.73055521748
latches,0.845296661171,-2.18164589861
form,-2.85132666783,1.48847980334
fight,-3.1115326697,1.39348835417
fair,-0.115384188062,7.17794339388
chain,-3.82856023906,-10.6912157768
dime,-0.337567268411,-9.2522142442
struggled,0.0898041078363,-8.00837341237
army,-3.04630055053,-12.5329695725
wight,0.84660899793,-3.11677486857
recall,-14.4427661731,-5.6319774327
van,-7.25372668018,-10.4103763245
aware,-9.26359976296,-11.2063259623
men,-4.08868538864,2.51220302445
bride,-1.0907568499,-4.43054186672
wiping,-10.8679025872,-8.38137735473
marvel,-7.11052327896,-13.8748439215
hrmm,7.27095566836,4.63157029082
playroom,-3.96069192729,-10.6694743635
starched,-1.77815818839,-7.0103699512
creeps,-0.719607680191,1.67750484928
em,-10.2960568274,-10.5334755895
stoney,4.38187817141,6.16442602779
inciting,-4.33674787282,-12.6241176156
gas,-8.10208621584,-12.0132033883
cream,-0.476102959383,-5.38376351815
bits,-1.5219648698,-6.92724243198
acquainted,-3.20865821057,0.205192944062
tantalize,0.71281121324,-4.05038839895
brew,-10.9781888472,-11.8244658371
opaque,1.56000523308,8.50694286841
hearing,-2.30897122665,2.53410027218
lifting,-0.047228015214,-5.37880717536
eyeball,-3.34158988854,-12.1140483
sofa,-14.2487884213,-6.05566329464
tower,-11.1028694116,-8.04760937167
spoke,0.342057005766,-10.3781553616
books,1.09394343691,8.20058288269
nancy,-10.1332950775,-12.307881568
bees,1.1637054821,8.4136428735
johnny,0.630739654508,-12.2644172586
gallery,-16.1642535739,3.77240830401
backing,-3.18370967683,0.499447150794
heading,0.727351296093,-11.6580201202
tucson,-7.3616945089,-11.8456180476
atlantic,1.7456811834,7.04194327758
pornographic,-12.5687521492,-6.90183714758
annoyed,-14.058884957,4.80595074152
obscene,-5.33956258861,-9.16933342011
sideboard,-10.6516408172,-7.5446120487
great,2.77954968173,7.17020970719
changes,-2.70839370119,5.10113796324
grade,-1.2988607297,0.831313165445
sounds,2.91311153988,7.04457540986
trees,-10.3352914945,-8.55871757694
penguin,-13.4130874598,-5.53284912169
unfold,-3.15111441917,4.89486831244
thanks,6.96169457176,4.42048631947
plasticine,-15.9969837159,1.30765524004
heat,-8.33679784347,-11.349130378
drew,-1.94065109105,-1.49732518627
swing,-3.25992999265,4.00619150826
aaaah,-4.93344081573,-10.20255015
sweater,1.0438403979,-5.17571168131
duchess,-1.63416623847,7.90946411992
sat,3.51499694178,7.54219834354
badly,-3.70499624565,0.450851183458
diverted,4.50898478793,5.96334932933
disconnect,-15.1405348207,-3.88807388496
equipped,-4.85721147954,-12.8132867711
fate,-2.84455531843,0.671472007171
stealing,0.349789927778,-3.01583471884
jam,-4.78309004832,-11.4637063932
surely,-3.81596672749,-13.0644626927
smokers,-12.1977808784,-7.53257385887
quietly,-13.9301168647,5.15008221972
backdoor,-8.77312949598,-12.1954035766
beam,-6.05210447403,-9.95069994771
showed,3.58550230342,5.1962412789
leg,1.05548661984,-10.190645866
garters,-3.4070091983,-12.741701856
gather,0.517234558146,-2.24976162191
wedding,-12.9931370903,-5.82672250526
listens,5.08453097596,4.01046761099
temperature,2.90783922059,8.25761374976
suns,-1.61735642799,0.709408684899
feat,1.37733653119,-3.05815741548
tee,-14.8287264338,-1.09622870719
disease,-1.34215324215,-13.2322618339
rising,-6.04656343149,-13.7794749946
peaked,-14.3267649424,-4.25654053447
cleaner,1.38445723832,-4.69882743902
paramucho,-2.70824252284,7.44651780241
business,4.42009923813,4.7929484994
velvet,-4.46399136124,-10.8448222153
apologize,-2.21751299541,5.21010612982
course,-16.4366339153,2.23723302448
whacking,-1.91303590881,6.4899136794
heath,-4.12454569726,5.03457212123
carousel,5.5328578029,3.83458402447
complaining,1.30486238733,7.78074834169
lastly,-1.19516114756,-10.5516527513
enjoyed,-8.71486609899,-13.2318071964
snores,4.37770813639,4.85166578734
north,-4.34499462652,2.57906440468
weaving,-5.89312409858,-13.1211864277
bbc,-12.837312003,-6.24885325058
wicked,3.71023687117,8.04288162456
soap,-4.59959979813,-13.292824902
prized,-0.384419074346,6.62293451916
ties,-12.8417993192,-6.04156800605
faded,2.33287166796,8.60543833978
women,-2.3286905215,2.15141851837
incredibly,-11.4599157762,-8.01899985144
eagle,3.12059072566,5.37550344748
wives,-9.81986152715,-12.4863090926
elephants,-2.37279837921,3.04304974983
faces,-8.33884393352,-11.396600194
shall,-0.824323511649,-5.42729053467
climbing,-3.22846456753,3.27894775441
seat,-7.87711731795,-9.27321391575
discovered,-10.1356060548,-6.37170630642
hurricane,5.23081502084,3.95286202991
arm,-7.67501072961,-13.5543363183
per,-2.46736357897,-0.781742903028
stairs,-11.6722630283,-10.1857173584
nighttime,-9.37445093051,-8.52069124171
jungle,0.574779609678,9.03928477439
avoid,-9.30258393329,-1.19533748372
compare,-8.43958987726,-12.932544028
wild,-1.6674043982,-1.69158678271
cooking,-0.397537710897,-9.74571295033
aloud,2.25996670195,6.65067631901
studied,-12.2738868568,-4.64584247182
bags,-0.854491322356,-4.64222514552
ignorance,4.77228424272,4.20578617395
blackburn,-10.0507084988,-9.65202246539
split,-4.66646816767,-9.86428482346
rectify,3.66405555858,5.87295242489
lagoon,-1.79351450437,7.10909920377
magil,0.224076757315,-13.3733239888
legend,-0.52886877006,5.06149696506
shades,-0.520877906709,7.43033685788
cows,-3.85237950607,0.540161412156
mist,-3.5825476363,-11.5236261949
sailing,5.04319907514,5.65963463684
colourful,-1.48771958848,6.60206094239
kicking,-7.76592980287,-11.4471327589
blame,2.59838618751,7.12502937253
weeds,1.55844870886,-11.6015229757
learning,-0.472880191713,-7.80040206697
awoken,-0.111895865303,5.88519859543
pink,-4.71444249805,-11.8068136053
cigarette,-15.073990875,-3.59370950875
friday,3.99411491524,5.06523860298
river,-7.39567720857,-12.2360499881
liverpool,-13.3321209584,4.26358092889
mirrors,-12.6140945386,-3.01392917046
surrender,-1.60273221197,1.61059533724
fog,0.846226757224,8.21041655042
barrow,2.3753925269,8.05356677455
trolley,-0.562359886252,-9.16077041069
toes,3.85824286793,8.10483018297
childrens,-0.937791575556,-2.35912689892
tulips,1.30333152698,-3.90738936901
ono,-14.6459947489,-3.71746614611
destruction,-0.798591014039,-11.8456481832
waltz,-2.56141630403,3.62576341249
kindness,0.176759955973,-5.50945014939
sins,-1.53345320756,1.85315278339
customer,-12.4711244586,-4.74485191877
hug,3.85481473731,7.04617965927
bedroom,1.13371190637,-3.08550372795
shelter,1.92564688008,8.41393566897
trivialities,-2.83053921463,3.45961812215
tray,0.238580372292,-0.659644058875
insecure,2.27648557273,-2.07095923531
whim,0.251551406615,-4.42437334831
oats,4.47617638008,4.46022654283
spoon,-15.5006574035,1.91876930262
de,-0.522134054006,-5.27382979314
steady,0.799902879134,-12.9509832359
guilty,-16.2169309116,1.92755344661
vera,-0.813120737491,-2.17693080831
earned,1.38475223065,-5.84149197837
husband,1.35087629972,-5.57672152292
audition,3.39067865346,8.06844748442
jokey,1.36162416887,-9.92633947681
happens,-3.33228321751,1.37798159801
constitution,-1.48302203356,-4.81725889567
bb,-11.8646048458,-7.74189839658
rice,-1.83644223093,-9.94279037103
handy,-2.89352612422,6.20338823104
science,-9.49399808479,-0.741867406333
bound,-15.3267314587,1.17608147236
satisfaction,-8.67653745085,4.9020079118
games,-0.358211480744,8.21739186867
showdown,-11.7553303299,-9.75705774127
carathon,-12.4850142589,-3.27239407588
charles,-3.19887976716,3.45065536681
wave,1.24169275667,-8.0180234642
zapped,-4.23728905233,-11.1987784197
banks,0.890107322377,-3.35285656996
moves,2.70533042333,7.80965336484
shook,4.72572643426,4.22537533255
alerted,4.71920892271,4.29720271608
legs,0.448401177416,-8.338776242
silently,-11.0577361345,-8.73381477155
towering,-8.76269262762,-12.620590096
tricks,1.49542308616,-4.75065300751
sty,0.574086780821,-3.01746703086
celebrations,-0.909258098632,-9.50362636841
plan,-2.16882911384,-11.6058950878
jazz,-1.579832356,-7.05686319562
certainly,-1.4431416819,-8.08517689754
handkerchief,-14.7509145958,-1.36508401554
jobber,-2.355391387,-1.769234914
nurse,-3.54009214343,-11.94458799
ceiling,0.664863802973,-9.91463042317
jubilee,-1.17445705017,0.738510522834
job,-3.26858919984,-13.5151944379
lay,4.01236656724,4.7427113923
unpleasant,-16.0765486463,1.97612634023
laughing,1.42400960077,-3.09876359066
snow,-0.523388352629,-4.90688585145
doubted,-2.09339064367,3.04363962861
hilt,-0.656407467418,-11.7232594729
busby,-13.5031873895,-2.39268015095
demonstrate,0.0198331026035,-10.4473262632
invitations,-7.38699613625,-8.33524632314
paparazzi,-4.40899804386,-11.8091222443
motorcar,-2.086649062,-2.56590684839
beach,1.23753342627,-10.7278868071
mummy,-10.0723161028,-9.24799610331
california,-0.577267932396,1.75027063388
reviews,-10.6426508699,-11.9409860918
hawtrey,-3.53701511426,-1.17514915947
drift,-15.6320535207,3.03616075887
equal,6.41766972685,4.1152344339
questo,0.121023034519,-11.8492595898
limousine,-8.42788926145,-13.2071606396
carat,-0.279780553961,-12.5144389954
inviting,-1.5414615475,-3.58933043194
engaged,-0.708316063091,-2.44119130001
wears,-0.536798284043,-2.13554014968
ev,-11.798039057,-7.08242290259
ringo,-0.668649680788,-5.32745352988
mustard,-7.67616794319,-12.0597133118
darkness,1.21930424065,-12.7464101418
declare,-1.32131661729,8.25515702754
appointment,0.390756069551,-13.3379959815
coat,-2.34885252949,7.21024464774
bishopsgate,-1.34897808683,8.09747429668
bone,2.23499944881,-3.3955713241
attractively,-4.6809060392,0.76788785024
ate,-8.89834837199,-11.3231659993
verdi,-0.315010498903,-5.85820814726
hiding,0.415875989522,-13.3012751383
hat,-2.31391969356,-1.44848308023
kissing,-1.90920491179,5.07185780419
partner,-1.01937791057,-11.7595159931
bridge,0.0381739793817,-1.71920827881
fierce,0.912159718398,-8.72002723254
custard,-0.610546868136,1.79280366525
short,-1.20907843689,1.23397674147
fish,-1.54625256258,-8.02592827196
modern,-0.299717673577,8.23233640247
fare,-1.49579271656,-8.98072904483
solid,-3.825595385,4.17430896508
tumble,-5.90342427863,-10.7209197052
health,0.895282524153,-2.87141971817
proud,-0.507132183742,-4.8831740194
blindly,-0.512831518234,-2.18996889608
acts,-2.4959185075,-12.7481570356
breakfast,-1.53220932877,-11.7416894654
problems,-7.12670595325,-13.8694986018
drank,-4.17905082372,-12.2183751939
poe,0.250725942362,7.68629333514
patiently,-4.7098510418,-13.2373160425
15,-5.42245445587,-11.3206436464
booked,-2.20022067593,-6.81564396034
duke,-7.22371692317,-11.9788883904
lots,-2.43176421974,0.242296034985
existence,3.16722238696,5.90322836227
institution,-7.21906517576,-12.372748688
expert,4.28567072827,7.12801350165
semolina,-2.58047027008,7.75739951722
kircaldy,-3.26267478393,-12.1968883656
unless,-3.4394515961,-12.2205961389
damn,-1.72959977281,-3.8417815417
licemen,-7.01135518222,-8.81578621252
crabalocker,-9.8541001657,-8.35783852372
flirt,-2.8887313837,-12.3487540767
anyone,-9.04162264668,-12.3583790372
solitude,-7.88524171297,-9.51261845729
saloon,4.3705291707,5.84641644092
saving,-14.7211348115,-3.20893706699
relax,-0.314699844897,6.58978151799
deaf,0.259403108245,-5.77527353194
bent,-5.54447290193,-10.1534757433
thirty,1.43548851578,-2.97812006304
chip,4.01002379869,6.92093130102
gown,-6.42090017252,-10.1775308813
ends,-2.50872629546,-12.4802349326
bus,-5.64115423328,-13.1110413076
meaningless,3.37320019072,7.25009113424
match,-12.5356612049,-7.84130671177
imprisoned,4.23381424804,4.97259645572
knife,-13.891001524,-6.61071571676
cave,4.10141485779,4.26390413634
shop,-15.6237791016,1.76731627137
pablo,-1.86643072225,0.361468770008
gain,-0.860279568665,2.53159752706
famous,-1.74117503312,4.10362378075
field,-0.201780852746,5.48456117114
frying,4.92887289141,4.11434619138
advice,4.40949381311,4.46777208259
shouts,-14.9226024242,0.234853665896
evolution,-5.67378888971,-9.33164239131
jukebox,0.0309156096253,-2.93324720337
weigh,-0.344134975228,-10.8938628291
glow,-2.00833397129,0.239249743572
letters,-7.94512152289,-10.3544873344
jack,-6.86985296653,-13.0683343734
smoking,-1.10635508424,2.54103666867
hall,2.30341853257,8.05522468806
knocking,-0.677762567773,7.9528430871
dakota,-1.02272554958,-8.69531440516
burst,-10.682611294,-11.9705400851
mojo,-15.230911508,-2.42602809018
named,0.458493935138,-7.85400398259
sweat,-4.87916347064,-9.53597536764
check,-2.32843761681,-10.0421137827
prove,1.59660453296,-5.07626172822
unfair,-2.18924420674,1.71864116573
slither,-13.4354386199,-6.17169497475
gumboot,-12.8423363402,-6.69090096972
holy,-12.140349287,-4.02851765725
climb,-10.5005683345,-8.14184355485
trim,-7.09685088115,-12.0007214064
trade,1.91256452531,7.79464634312
scratch,-8.28296228634,-13.5957795557
wahoo,6.07052363498,3.95039471731
illusion,-1.29066364694,6.15808896168
sincerely,-7.26509270392,-14.2205906506
daisies,-3.0095981267,-3.25729383841
wee,7.07943533436,4.49370246876
jar,2.13250942333,7.94410259432
anyhow,-14.656316288,-6.58949474006
hoped,-7.84771253281,-9.39958834846
mac,-0.774513412576,-3.83772226672
bells,4.47156796073,4.64017633835
contribution,1.81774448772,-13.0310786296
wooaah,6.26733243287,4.00456282539
earn,-0.362849656038,-5.94526108678
box,-10.1460428926,-7.41234972331
18,7.15608120426,4.54479798172
flight,-9.9400757923,-9.85737627796
cruel,-2.62371312672,-3.90779986627
restless,1.70310758418,-4.40489048844
sold,5.2819091114,3.92670490104
flown,5.54137008493,3.86295119644
uptown,-0.48536363573,-5.35606332506
sleepy,-3.85848323843,1.99123886119
understands,1.0592460134,-12.8800073956
tide,-2.40591701527,6.97250215022
proceeded,-4.50921611239,-12.7228826634
element,-15.7554617958,1.09259600118
saxon,0.7130743726,-7.46208446951
grinning,-0.499143554524,-12.5045614493
regret,-1.70543938467,-2.38983156186
bullet,-0.132936969348,-7.87421487291
record,0.329296123968,-7.84926133937
obla,-1.36348799168,-4.47135004093
lingers,-3.21957838105,4.61702152233
unpack,-7.28722570362,-12.4202505955
hoops,-7.22761816911,-11.0330993843
gear,-4.08810554307,-12.4713158028
melody,-10.3180939922,-11.9737091935
revolution,-0.923796772701,8.78772352368
seance,-13.0637796392,-3.37740648456
lords,2.36179733077,7.98622968962
policeman,-6.36998439194,-12.5417132969
compares,-2.80887093421,-0.0168662686123
smiling,-11.7667972835,-8.16366106155
raleigh,-11.7002081338,-7.92761461983
sour,-7.69823753921,-13.7529596755
boots,-15.6093942193,0.409290989724
piece,-1.69233107921,-2.63815160997
machine,-2.85977881636,7.31902482423
rushes,-6.05315192259,-12.2575888486
tango,-0.924356257449,-3.7411589331
sax,0.775266976337,-8.51306009488
eiffel,0.449805012514,-11.7638153873
sweeping,-1.62112323017,7.64984436433
valentine,-1.76311474157,2.39292877849
bob,-14.9395107591,-3.14217995311
snied,-0.975767256334,-3.76945766196
burns,-3.59284401502,1.79377586026
peep,4.373296133,4.80085398651
cherry,-2.35767801863,7.77272622986
motor,-0.129149401658,-7.29856498718
horses,-2.30587508459,-0.392765720297
pneumonia,3.83080233179,4.98555430663
fancy,-1.46413077879,-9.37222955568
filter,-11.5527331084,-3.8561942556
rob,4.27707807256,6.20931678338
poppies,-1.59563608576,-11.0773137821
plays,-7.95527714763,-13.7297037923
pygmy,-1.03088862458,4.75532381984
sauce,7.06334116836,4.48378881336
tracks,-12.9318483186,-6.31293766476
stick,-3.91770030889,2.20166562393
stared,-2.00186158087,3.62250532985
slumbers,-4.05646612722,4.11988049057
apple,-13.6198846082,-5.30655720813
trigger,-2.50675893706,-12.0218419382
usa,-2.43316673925,-12.6653188267
matt,-13.0072104399,-5.00694116431
inspiration,-0.569666783927,-13.9573801553
message,-3.4053333732,-11.2561610095
dibla,0.53439926305,-5.94792052399
finally,-1.42473970448,-0.434824348849
fanques,-0.208300467656,-2.74458810533
forgive,2.34898887871,-2.22221132142
cornflake,0.203549189949,-4.89937160954
backed,-1.06023513346,-10.3464543932
martin,-3.47380700357,1.99802692202
cuts,-5.17434346615,-10.9413666401
cottage,0.627872944309,-1.99909834519
hugs,-13.6189030572,-6.30892296512
wilson,-4.8088363855,2.82762267875
getter,-13.9526476922,-1.79679521049
kindly,0.909880993125,-8.05381899757
butterflies,-1.55224949993,-0.162064488948
